Id,Hora de inicio,Hora de finalización,Correo electrónico,Nombre,Nombre del Agente,Área responsable,Responsable (Nombre y Posición),Tipo de agente,¿Qué capacidades aumenta?,Nivel de autonomía,¿Cuál es el baseline del agente?(Cuántas horas demoraría la misma tarea en hacerse si no contáramos con el agente),¿Cuál es su objetivo principal?,¿Cuál era el problema antes del agente?,¿Cómo resolverían este problema antes de tener el agente?,"Resuelve el problema para el que fue creado
","Entrega resultados útiles
","Reduce retrabajo
","La calidad es adecuada
","Los usuarios volverían a usarlo
","¿Cumple su objetivo?
","Ahorra tiempo
","Reduce esfuerzo humano
","Reduce costo operativo
","Escala mejor que el proceso anterior
","Reduce tiempos de respuesta
","¿Lo hace mejor, más rápido o más barato?
","Si el agente desaparece mañana
¿Qué perderíamos?",¿Dónde sigue siendo indispensable un humano?,¿Cuál fue la ultima vez que has usado tu agente y para que proyecto?,¿En qué tareas y/o actividades se ha probado el agente?,¿Qué le falta al agente?
1,6/8/2026 16:43,6/8/2026 16:53,1167486@onuriscp.com,Fernando Dorantes Nieto,NerdAfore,Portafolio,"Fernando Dorantes Nieto, Data Scientist","Knowledge Agent – Busca y recupera información (políticas, contratos, procedimientos);Synthesis Agent – Resume y sintetiza información (minutas, reportes, documentos largos);Recommendation Agent – Sugiere acciones (priorización, siguiente mejor acción);Content Agent – Genera contenido (correos, propuestas, presentaciones);",Velocidad;Productividad;Escalabilidad;Consistencia;Toma de decisiones;Aprendizaje organizacional;,Trabaja y espera aprobación,"No lo sé, esta tarea depende del tipo de búsqueda en los archivos de la CONSAR, un estimado de 2 horas",Analizar información;Tomar decisiones;,No se tenía un documento integrador de datos de la CONSAR,Una búsqueda página por página de la CONSAR y hacer resúmenes,4,4,4,4,4,4,4,4,4,5,4,Mejor, Velocidad;Productividad;Conocimiento;,Decisión final;Gestión de conflictos;Creatividad;,,En el proyecto de AFORE,Más casos de uso;Más datos;
2,6/8/2026 16:58,6/8/2026 17:00,1167486@onuriscp.com,Fernando Dorantes Nieto,ChismesitoGPT,Portafolio,"Fernando Dorantes Nieto, Data Scientist","Analyst Agent – Analiza datos e identifica patrones (KPIs, anomalías, tendencias);Recommendation Agent – Sugiere acciones (priorización, siguiente mejor acción);Orchestrator Agent – Coordina personas o sistemas (workflow completo);Innovation Agent – Genera hipótesis, oportunidades o insights;Synthesis Agent – Resume y sintetiza información (minutas, reportes, documentos largos);Knowledge Agent – Busca y recupera información (políticas, contratos, procedimientos);",Velocidad;Productividad;Calidad;Consistencia;Toma de decisiones;,Ejecuta algunas acciones automáticamente.,3,Buscar información;Analizar información;,No existía un framework principal de scraping,Web scraping totalmente manual,3,3,2,3,3,4,3,3,3,4,2,Más rápido,Productividad; Velocidad;, Validación;Decisión final;Creatividad;,,En diversas tareas de web scraping,Mejor UX;Mejor integración;Más datos;Mayor autonomía;Mejor explicabilidad;Mejor adopción;Más casos de uso;Mejor precisión;Mejor contexto;
3,6/8/2026 17:01,6/8/2026 17:03,1167486@onuriscp.com,Fernando Dorantes Nieto,Agente Integrador Servisirius a Vibe Coding,Portafolio,"Fernando Dorantes Nieto, Data Scientist","Knowledge Agent – Busca y recupera información (políticas, contratos, procedimientos);Synthesis Agent – Resume y sintetiza información (minutas, reportes, documentos largos);Analyst Agent – Analiza datos e identifica patrones (KPIs, anomalías, tendencias);Recommendation Agent – Sugiere acciones (priorización, siguiente mejor acción);Content Agent – Genera contenido (correos, propuestas, presentaciones);Orchestrator Agent – Coordina personas o sistemas (workflow completo);Innovation Agent – Genera hipótesis, oportunidades o insights;",Productividad;Velocidad;Escalabilidad;Precisión;Calidad;,Ejecuta algunas acciones automáticamente.,5, Ahorrar tiempo;Sintetizar información;,Múltiples agentes no conectados entre si,Usar diferentes agentes paso a paso,3,3,3,4,4,5,4,3,2,3,3,Mejor,Productividad; Velocidad;, Validación;Empatía;Relación con cliente;,,"Aún no se ha probado, pero es totalmente prometedor",Más datos;Mejor contexto;Mejor integración;Mejor UX;Mayor autonomía;Mejor precisión;Mejor explicabilidad;Mejor adopción;Más casos de uso;
4,6/9/2026 11:16,6/9/2026 11:22,1081043@onuriscp.com,Alejandro Javier Franco,Nerdadore,Modelos de Negocio,Alejandro Javier - Investigación,"Knowledge Agent – Busca y recupera información (políticas, contratos, procedimientos);Analyst Agent – Analiza datos e identifica patrones (KPIs, anomalías, tendencias);Synthesis Agent – Resume y sintetiza información (minutas, reportes, documentos largos)",Productividad;Aprendizaje organizacional;Escalabilidad,Sugiere,"Probablemente 3 veces el tiempo, (de 8 horas a 1 hora) porque busco complementar la información ", Ahorrar tiempo;Otro,Se tenía que buscar la información de la autoridad,Buscando en distintos documentos o tomando consultas con abogados o personas expertas,4,4,4,4,4,4,4,4,4,4,4,Más rápido, Velocidad, Validación;Negociación;Relación con cliente,"La procuro usar dos veces a la semana para consulta, AFORE, ITALIKA,","EN EL ENTENDIMIENTO DE LA NORMATIVIDAD,",Mejor contexto;Mejor adopción
5,6/9/2026 11:10,6/9/2026 11:24,1158181@onuriscp.com,Andrea Cecilia Sanchez Nanez,Chris Detective,Investigación,"era de chris, no he reasignado quien se queda con la parte de tendencias ","Analyst Agent – Analiza datos e identifica patrones (KPIs, anomalías, tendencias)",Velocidad;Calidad,Solo responde,8,Buscar información;Sintetizar información,"Buscar tendencias de diferentes industrias y encontrar fuentes que puedan sostener con información relevante la tendencia y sobre todo el ejemplo de cómo se está utilizando, por ejemplo tendencias de uso de IA en banca patrimonial, encontrar casos de uso para mostrar el uso de IA agéntica en este sector. ","investigación en motores de búsqueda y a veces en reportes que tenemos descargados de bases de datos, pero no siempre están actualizados y con ejemplos ",3,3,3,3,3,3,4,4,4,3,4,Más rápido, Velocidad;Conocimiento;Nada importante, Validación;Decisión final,para tendencias del segmento de banca empresarial en diciembre 2025 o enero 2026,"se probó con tendencias que habíamos investigado para el workshop de remesas y banca digital, y otros ejemplos como de amazon, pero daba aún opciones muy genéricas",Mejor contexto;Mejor precisión;Mejor UX
6,6/9/2026 11:33,6/9/2026 11:47,1213953@onuriscp.com,Eduardo Lopez Santana,Search bot Max 2.0,Modelos de negocio,Eduardo Lopez Santana - Consultor de investigación de clientes y canales,"Synthesis Agent – Resume y sintetiza información (minutas, reportes, documentos largos);Recommendation Agent – Sugiere acciones (priorización, siguiente mejor acción);Orchestrator Agent – Coordina personas o sistemas (workflow completo);Analyst Agent – Analiza datos e identifica patrones (KPIs, anomalías, tendencias)",Velocidad;Productividad;Calidad;Precisión,Trabaja y espera aprobación,"3 horas aprox por investigación, ejecutar la busqueda avanzada me toma 15 min y hacerlo manualmente tarda min 3 horas ", Ahorrar tiempo;Buscar información,"Necesito buscar información sumamente especifica y antes de usar el agente teníamos que usar buscadores de forma manual, eso es más tardado que lanzar una búsqueda profunda por agente y que muestre resultados que ya están filtrados según ciertos requisitos. ","A mano, ya existía un proceso de búsqueda concreto para ahorra tiempo , metodología de la investigación básicamente.",4,4,5,4,5,4,5,5,2,4,5,Más rápido, Velocidad;Productividad;Atención personalizada, Validación;Creatividad;Relación con cliente,"La última vez que use el agente fue para buscar estudios, informes, etc que me ayudaran a conocer el alcance de cambiar el nombre de una tarjeta de dólares, en este caso para el proyecto de guardadito Go ","Para buscar y encontrar más rápido estudios, informes o análisis. 
También para casos de éxito y cualquier información necesaria para cotejar.",Mejor integración;Mejor UX;Mejor precisión
7,6/9/2026 11:22,6/9/2026 11:52,112637@onuriscp.com,Erik Javier Gonzalez Lopez,Perplexity,Modelos de Negocio,"Erik Gonzalez, Trainee","Knowledge Agent – Busca y recupera información (políticas, contratos, procedimientos)",Velocidad;Precisión;Consistencia,Solo responde,3, Ahorrar tiempo;Buscar información,Demandaba demasiado tiempo,Se ocuparía mayor cantidad de atención de miembros del equipo,5,5,5,5,5,5,5,5,5,5,5,Mejor, Velocidad;Productividad, Validación;Decisión final;Creatividad,Dimensionamientos,Investigación,Mejor UX;Más casos de uso
